{
    "now": "2025-05-26T22:15:43.160Z",
    "perfNow": 109038913.5,
    "diagnosticCorrelation": "874d2ee0-4e26-4853-8840-e07af00f91cd",
    "source": "DownloadSupportFiles",
    "environment": {
        "productName": "adf",
        "buildVersion": "1.0.052025.12",
        "environmentType": 3,
        "resourceName": "dev-olympics-adf-sahin",
        "resourceRegion": "eastus",
        "resourceGroup": "azureprojectdevops",
        "subscriptionId": "7b23dcc9-1e18-4465-97b1-dc01212d4bae",
        "sessionId": "6oJMp1h7NiKoD2FFtrnYMG",
        "operationId": "",
        "gitType": "VSTS",
        "loggingKey": "f8c4ee85-1792-4da7-8c19-3334f04ae20c"
    },
    "additionalInfo": {
        "selectedResource": "GitToBronze",
        "selectedResourceType": "pipeline"
    }
}