{
    "now": "2025-05-26T22:15:29.610Z",
    "perfNow": 109025364,
    "diagnosticCorrelation": "1c6b0ed8-809f-482e-aa4e-edde5c0cc40b",
    "source": "DownloadSupportFiles",
    "environment": {
        "productName": "adf",
        "buildVersion": "1.0.052025.12",
        "environmentType": 3,
        "resourceName": "dev-olympics-adf-sahin",
        "resourceRegion": "eastus",
        "resourceGroup": "azureprojectdevops",
        "subscriptionId": "7b23dcc9-1e18-4465-97b1-dc01212d4bae",
        "sessionId": "6oJMp1h7NiKoD2FFtrnYMG",
        "operationId": "",
        "gitType": "VSTS",
        "loggingKey": "f8c4ee85-1792-4da7-8c19-3334f04ae20c"
    },
    "additionalInfo": {
        "selectedResource": "DataLakeIngestion",
        "selectedResourceType": "pipeline"
    }
}