{
    "name": "rawdatagit",
    "properties": {
        "linkedServiceName": {
            "referenceName": "GitLS",
            "type": "LinkedServiceReference"
        },
        "parameters": {
            "p_rel_url": {
                "type": "string"
            }
        },
        "annotations": [],
        "type": "DelimitedText",
        "typeProperties": {
            "location": {
                "type": "HttpServerLocation",
                "relativeUrl": {
                    "value": "@dataset().p_rel_url",
                    "type": "Expression"
                }
            },
            "columnDelimiter": ",",
            "escapeChar": "\\",
            "firstRowAsHeader": true,
            "quoteChar": "\""
        },
        "schema": []
    }
}